OCCUPATION,ID
agent for ohio public school ,4264
agent for the rent of the row ,2653
assembly rooms ,2897
at college ,1881
at mcburneys confectionary ,4138
at service ,281
attends at mens library ,310
attends the sick ,3488
b maker ,2904
b maker ,3097
b maker ,3346
b maker ,3663
b maker hominy ,2860
b maker hominy ,3928
b maker jobbing ,3734
b maker jobbing ,3781
b maker jobbing ,3797
b maker jobbing ,3904
baker ,4204
baker unemployed ,3212
bar tender ,3410
bar tender ,4217
barber ,4
barber ,5
barber ,101
barber ,103
barber ,105
barber ,106
barber ,126
barber ,128
barber ,133
barber ,147
barber ,155
barber ,235
barber ,247
barber ,250
barber ,311
barber ,329
barber ,331
barber ,332
barber ,386
barber ,407
barber ,525
barber ,646
barber ,673
barber ,726
barber ,759
barber ,766
barber ,776
barber ,836
barber ,844
barber ,854
barber ,871
barber ,997
barber ,1007
barber ,1008
barber ,1036
barber ,1037
barber ,1070
barber ,1099
barber ,1242
barber ,1273
barber ,1352
barber ,1354
barber ,1462
barber ,1483
barber ,1500
barber ,1508
barber ,1514
barber ,1543
barber ,1556
barber ,1557
barber ,1571
barber ,1579
barber ,1580
barber ,1601
barber ,1645
barber ,1666
barber ,1670
barber ,1675
barber ,1700
barber ,1705
barber ,1712
barber ,1743
barber ,1797
barber ,1803
barber ,1925
barber ,1969
barber ,1982
barber ,1984
barber ,1994
barber ,2009
barber ,2011
barber ,2022
barber ,2039
barber ,2073
barber ,2074
barber ,2076
barber ,2080
barber ,2153
barber ,2221
barber ,2296
barber ,2322
barber ,2324
barber ,2333
barber ,2341
barber ,2353
barber ,2356
barber ,2427
barber ,2428
barber ,2439
barber ,2488
barber ,2493
barber ,2496
barber ,2497
barber ,2527
barber ,3887
barber ,3983
barber ,4033
barber ,4113
barber ,4203
barber ,4206
barber ,4243
barber ,4270
barber bleeder ,2833
barber cant tell ,643
barber cant tell ,696
barber dont know ,374
barber dont know ,742
basket maker ,624
basket maker ,1341
basket maker ,2705
basket maker ,4101
biscuit baker ,1632
biscuit baker ,3329
black smith ,2901
black smith ,2947
black smith ,3331
blacksmith ,4038
blind not able ,908
bmaker ,3026
boarding house ,639
boat & shoemaker,383
boatman ,1021
boatman ,1076
boatman ,1634
boatman ,3202
book maker ,2598
boot ,243
boot ,1660
boot ,2062
boot & shoemaker,687
boot & shoemaker,1723
boot & shoemakers,2206
boot black ,98
boot black ,99
boot black ,211
boot black ,468
boot black ,469
boot blacker ,2867
boot blacker ,3005
boot cleaner ,1079
boot cleaner ,1217
boot cleaner ,1471
boot cleaner ,1554
boot cleaner ,1910
boot cleaner ,2063
boot cleaner ,2490
boot cleaner ,2877
boot cleaner ,3395
boot cleaner ,3481
boot cleaner ,3557
boot cleaner ,3830
boot cleaner ,3850
boot maker,1058
bootmaker ,102
bootmaker ,158
bootmaker ,169
bootmaker ,174
bootmaker ,225
bootmaker ,290
bootmaker ,861
bootmaker ,1023
bootmaker ,1059
bootmaker ,1093
bootmaker ,1276
bootmaker ,1607
bootmaker ,1610
bootmaker ,1672
bootmaker ,1684
bootmaker ,1710
bootmaker ,1920
bootmaker ,2037
bootmaker ,2149
bootmaker ,2259
bootmaker ,2293
bootmaker ,2388
bootmaker ,2655
bootmaker ,3009
bootmaker ,3273
bootmaker ,3320
bootmaker ,3341
bootmaker ,3609
bootmaker ,3681
bootmaker ,3877
bootmaker ,3882
bootmaker ,4095
bootmaker ,4174
border labor ,4244
botanic physician ,2871
bottler ,1735
box dealer ,1069
boxman ,706
boxman ,715
boxman ,1635
boxman ,1644
brass founder ,2449
brick ,3432
brick ,3882
brick layer ,2168
brick maker ,1898
brick maker ,2528
brick maker ,2611
brick maker ,2615
brick maker ,2621
brick maker ,2627
brick maker ,2672
brick maker ,2677
brick maker ,2707
brick maker ,2750
brick maker ,2757
brick maker ,2777
brick maker ,2778
brick maker ,2797
brick maker ,2817
brick maker ,2838
brick maker ,2841
brick maker ,2846
brick maker ,2884
brick maker ,2949
brick maker ,3033
brick maker ,3070
brick maker ,3156
brick maker ,3173
brick maker ,3286
brick maker ,3467
brick maker ,3497
brick maker ,3528
brick maker ,3546
brick maker ,3556
brick maker ,3631
brick maker ,3664
brick maker ,3700
brick maker ,3743
brick maker ,3918
brick maker ,4021
brick maker ,4147
brick maker in store ,3161
brick maker jobbing ,3800
brick maker jobbing ,3984
brick mason ,2756
brick mason ,2767
brick mason ,2890
brick moulder ,783
brick moulder ,949
brick moulder ,1104
brick moulder ,1804
brick moulder ,1974
brick moulder ,1998
brick moulder ,2280
brick moulder ,2352
brick moulder ,2395
brick moulder ,2396
brick moulder ,2494
brick moulder ,2758
brick yard ,2501
brick yard ,2521
brick yard ,2593
brick yard ,2602
brick yard ,2620
brick yard ,2726
brick yard ,2849
brick yard ,2913
brick yard ,2940
brick yard ,3058
brick yard ,4000
bricklayer ,993
brickmaker ,2676
brickmaker ,4092
brickmaker ,4275
builder ,793
cab driver,1328
cabinet ,1636
cabinet maker ,759
cabinet maker ,1638
cabinet maker ,1784
cabinet maker ,1976
cabinet maker ,1990
cabinet maker ,2000
cabinet maker ,2132
cabinet maker ,2435
cabinet maker ,2955
cabinet maker ,3559
cabinet maker ,3874
cabinet maker ,3884
cabinet maker now porter ,1002
cabman ,1288
cake baker ,472
cake baker ,596
cake baker ,1040
cake baker ,1569
cake peddlers ,678
cake seller ,68
cake seller ,1037
cake seller ,1523
cake seller ,1599
cake seller ,1652
cake seller ,1736
cake seller ,2053
cake seller ,2245
cake seller ,2266
cake seller ,2320
cake seller average ,270
cant tell ,449
car man ,3943
carman ,2610
carman ,2683
carman ,2941
carman ,2976
carman ,3045
carman ,3221
carman ,3571
carman ,3637
carman ,3748
carman ,3763
carpenter ,793
carpenter ,868
carpenter ,1094
carpenter ,1256
carpenter ,1410
carpenter ,1642
carpenter ,1662
carpenter ,1755
carpenter ,1878
carpenter ,2096
carpenter ,2267
carpenter ,2357
carpenter ,2503
carpenter ,2895
carpenter ,3259
carpenter ,3866
carpenter ,4014
carpenter ,4098
carpenter when able ,1381
carries salt ,4012
carter ,1958
carter ,2516
carter ,2520
carter ,2523
carter ,2535
carter ,2557
carter ,2568
carter ,2578
carter ,2579
carter ,2599
carter ,2613
carter ,2616
carter ,2691
carter ,2781
carter ,2789
carter ,2793
carter ,2823
carter ,2844
carter ,2854
carter ,2938
carter ,3007
carter ,3032
carter ,3045
carter ,3047
carter ,3050
carter ,3171
carter ,3174
carter ,3180
carter ,3221
carter ,3224
carter ,3295
carter ,3311
carter ,3358
carter ,3363
carter ,3374
carter ,3430
carter ,3496
carter ,3503
carter ,3570
carter ,3637
carter ,3673
carter ,3713
carter ,3759
carter ,3785
carter ,3855
carter ,3929
carter ,3932
carter ,3943
carter ,3990
carter ,3992
carter ,3995
carter ,4026
carter ,4030
carter ,4032
carter ,4057
carter ,4068
carter ,4074
carter ,4091
carter ,4100
carter ,4112
carter ,4117
carter ,4124
carter ,4132
carter ,4134
carter ,4165
carter ,4166
carter ,4182
carter ,4202
carter ,4215
carter ,4227
carter ,4228
carter ,4239
carter his own ,541
carter his own ,543
carter his own ,572
carter his own ,582
carter his own ,761
carter his own ,767
carter his own ,768
carter his own ,1118
carter his own ,1182
carter his own ,1255
carter his own ,1266
carter his own ,1459
carter his own ,1578
carter his own ,1640
carter his own ,1823
carter his own ,1915
carter his own ,2091
carter his own ,2261
carter his own ,3075
carter in lumber yard ,4259
carting ,3077
carting ,3859
carver ,1681
chair bottomer ,2261
chaise driver ,2339
chandler ,3640
chimney sweeper ,2556
china packer ,2128
china store ,3827
clergyman ,3177
clergyman ,3350
clergyman ,3577
clergyman ,3823
clergyman ,3973
clergyman ,4127
clergyman itinerent ,3754
clerk ,2385
clock printer by trade ,1517
cloth dealer ,3253
clothes dealer ,152
clothes dealer ,175
clothes dealer ,246
clothes dealer ,404
clothes dealer ,411
clothes dealer ,834
clothes dealer ,865
clothes dealer ,998
clothes dealer ,1025
clothes dealer ,1097
clothes dealer ,1128
clothes dealer ,1521
clothes dealer ,1602
clothes dealer ,1605
clothes dealer ,1717
clothes dealer ,1725
clothes dealer ,1753
clothes dealer ,1988
clothes dealer ,1989
clothes dealer ,2025
clothes dealer ,2064
clothes dealer ,2153
clothes dealer ,2169
clothes dealer ,2396
clothes dealer ,2406
clothes dealer ,2407
clothes dealer ,2411
clothes dealer ,2448
clothes dealer ,2882
clothes dealer ,3604
clothes dealer ,3691
clothes dealer ,3782
clothes dealer ,3801
clothes seller ,3622
clothes seller ,3774
clothes seller ,3905
clothing seller,2738
clothing seller,4208
coachman ,261
coachman ,316
coachman ,366
coachman ,386
coachman ,423
coachman ,438
coachman ,534
coachman ,813
coachman ,853
coachman ,1011
coachman ,1041
coachman ,1054
coachman ,1075
coachman ,1087
coachman ,1137
coachman ,1228
coachman ,1285
coachman ,1367
coachman ,1393
coachman ,1405
coachman ,1407
coachman ,1418
coachman ,1428
coachman ,1453
coachman ,1523
coachman ,1535
coachman ,1541
coachman ,1547
coachman ,1551
coachman ,1553
coachman ,1561
coachman ,1616
coachman ,1646
coachman ,1661
coachman ,1710
coachman ,1711
coachman ,1761
coachman ,1777
coachman ,1785
coachman ,1880
coachman ,1944
coachman ,1973
coachman ,1997
coachman ,2023
coachman ,2032
coachman ,2054
coachman ,2060
coachman ,2078
coachman ,2079
coachman ,2100
coachman ,2125
coachman ,2137
coachman ,2155
coachman ,2165
coachman ,2216
coachman ,2235
coachman ,2239
coachman ,2241
coachman ,2256
coachman ,2334
coachman ,2337
coachman ,2343
coachman ,2409
coachman ,2419
coachman ,2423
coachman ,2430
coachman ,2458
coachman ,2470
coachman ,2515
coachman ,2618
coachman ,2626
coachman ,2633
coachman ,2641
coachman ,2714
coachman ,2736
coachman ,2741
coachman ,2753
coachman ,2806
coachman ,2948
coachman ,2980
coachman ,3115
coachman ,3125
coachman ,3263
coachman ,3297
coachman ,3344
coachman ,3369
coachman ,3431
coachman ,3456
coachman ,3513
coachman ,3588
coachman ,3606
coachman ,3633
coachman ,3661
coachman ,3735
coachman ,3886
coachman ,4096
coachman ,4149
coachman ,4156
coachman ,4200
coachman ,4212
coachman ,4220
coachman ,4247
coachman ,4249
coachman ,4272
coal carrier ,2902
coal carrier ,3275
coal carrier ,3453
coal carrier ,3505
coal carrier ,3829
coal yard ,2650
coal yard ,4129
cobbler ,478
cobbler ,3086
coffee roaster ,2584
coffee roaster ,2662
coffee roaster ,2665
collecter ,1106
commission merchant ,1912
confectionary ,3106
confectionary ,3926
confectioner ,389
confectioner ,1757
confectioner ,2058
confectioner ,2301
confectioner ,2465
cook ,298
cook ,486
cook ,674
cook ,723
cook ,782
cook ,896
cook ,940
cook ,974
cook ,1080
cook ,1236
cook ,3694
cook at hotel ,4236
cook on boat ,3716
cooking ,3710
cooks ,1035
crippled in his hands ,651
cupper bleeder ,420
currier ,200
currier ,1526
currier ,1568
cuts rags ,3491
day work ,3476
days work ,1893
days work ,3710
dealer ,184
dealer ,957
dealer ,1093
dealer ,1215
dealer ,1216
dealer ,1383
dealer hominey ,2905
dealer in cakes ,4067
dealer in medicines etc ,3071
dealer in oyster ,2581
dealer in oyster ,2667
dealer in oyster ,4078
dealer in rope boxes ,2722
dealer in s hand clothes ,2570
dealer in s hand clothes ,2782
dealer in second hand cloths ,2639
dealer in tobacco ,2944
dealer in tow linen c ,3281
dealer pretty good ,732
dentist ,1518
dentist ,2617
dentist ,2833
distiller ,2440
does nothing ,326
dog catcher ,3364
door mat maker ,2975
draper ,3145
draper ,3448
draper ,3760
drayman ,2550
drayman ,2561
drayman ,2594
drayman ,2604
drayman ,2673
drayman ,2800
drayman ,2921
drayman ,3205
drayman ,3479
drayman ,3761
drayman ,4008
drayman ,4253
dress maker,1968
drives cart ,355
drives cart ,484
drives cart ,582
drives cart ,671
drives cart ,966
drives cart ,1055
drives cart ,1299
drives cart ,1310
drives cart ,1402
drives cart ,1415
drives cart ,1479
drives cart ,1507
drives cart ,1657
drives cart ,1956
drives cart ,2091
drives cart ,2109
drives cart ,2230
drives cart ,2416
drives cart ,2467
drives cart ,4056
drives coal cart ,286
drives coal cart ,2205
drives coal cart ,2433
drives dray ,3
drives dray ,109
drives dray ,141
drives dray ,380
drives dray ,385
drives dray ,987
drives dray ,1257
drives dray ,1763
drives dray ,1789
drives dray ,2300
drives fur car ,120
drives fur car ,121
drives fur car ,1184
drives fur cart his own ,738
drives furniture car ,66
drives furniture car ,1479
drives horse ,402
drives ice cart in summer winter cook ,3198
drives oyster cart,3599
drug grinder ,2420
dyer ,1518
dyer ,1644
dyer scouner ,1430
eating cellar ,3222
eating establishment ,2885
eating house ,303
eating house ,427
eating house ,585
eating house ,749
eating house ,781
eating house ,845
eating house ,1244
eating house ,1316
eating stand in market ,1533
engineer ,762
engineer ,1379
engineer ,2232
engineer ,2492
engineer ,2978
engineer ,3234
engineer ,4221
farmer ,2625
farmer ,3194
farmer ,3229
farmer ,3283
farmer ,3318
farmer ,3477
farmer ,3613
farmer ,3804
farmer ,4011
farmer ,4025
farmer ,4116
farmer ,4140
farmer ,4141
fiddler ,3111
fiddler ,3152
fireman steamboat ,3321
fluid dealer ,3757
foreman in lumber yard ,2842
funiture cart his own ,1595
furniture dealer ,1337
furniture dealer ,2872
gardener ,1105
general jobbing ,2855
gentleman ,244
gentleman ,1365
gentleman nurse ,3601
glazier ,508
glazier ,592
glazier ,1363
glazier ,1436
glazier ,1778
glazier ,2223
glazier ,3065
grain carrier ,322
grain carrier ,518
grain carrier ,580
grain carrier ,1336
grain carrier ,1932
grain carrier cant tell ,519
grain carrier good wages sometimes ,661
grocer ,1280
grocer ,1958
groom ,2588
hack driver ,1187
hackman ,2095
hackman his own ,750
hair dresser ,2518
hair dresser ,2587
hair dresser ,2591
hair dresser ,2606
hair dresser ,2609
hair dresser ,2764
hair dresser ,2779
hair dresser ,2830
hair dresser ,2837
hair dresser ,2853
hair dresser ,2908
hair dresser ,2965
hair dresser ,3061
hair dresser ,3151
hair dresser ,3183
hair dresser ,3228
hair dresser ,3262
hair dresser ,3294
hair dresser ,3322
hair dresser ,3323
hair dresser ,3348
hair dresser ,3480
hair dresser ,3548
hair dresser ,3560
hair dresser ,3747
hair dresser ,3819
hair dresser ,3843
hair dresser ,3919
hair dresser ,3972
hair dressers one in store ,3840
hair picker ,3095
hair picker ,3723
hat colorer ,3260
hat dyer,182
hat dyer,275
hat presser ,2029
hat presser ,2915
hat store ,3332
herb doctor ,497
herb doctor ,971
herb doctor ,1086
herb doctor ,1109
herb doctor ,1176
herb doctor ,1258
herb doctor ,2180
herb doctor ,2481
herb doctor cant tell ,410
hod car ,648
hod car ,697
hod car when can get it ,764
hod carrier ,277
hod carrier ,325
hod carrier ,336
hod carrier ,349
hod carrier ,403
hod carrier ,431
hod carrier ,481
hod carrier ,485
hod carrier ,496
hod carrier ,510
hod carrier ,517
hod carrier ,564
hod carrier ,569
hod carrier ,589
hod carrier ,608
hod carrier ,612
hod carrier ,664
hod carrier ,667
hod carrier ,700
hod carrier ,788
hod carrier ,794
hod carrier ,951
hod carrier ,981
hod carrier ,1010
hod carrier ,1072
hod carrier ,1126
hod carrier ,1186
hod carrier ,1286
hod carrier ,1318
hod carrier ,1372
hod carrier ,1474
hod carrier ,1486
hod carrier ,1488
hod carrier ,1525
hod carrier ,1572
hod carrier ,1580
hod carrier ,1627
hod carrier ,1718
hod carrier ,1726
hod carrier ,1764
hod carrier ,1809
hod carrier ,1815
hod carrier ,1832
hod carrier ,1847
hod carrier ,1866
hod carrier ,1889
hod carrier ,1894
hod carrier ,1895
hod carrier ,1999
hod carrier ,2136
hod carrier ,2151
hod carrier ,2152
hod carrier ,2185
hod carrier ,2199
hod carrier ,2201
hod carrier ,2210
hod carrier ,2276
hod carrier ,2298
hod carrier ,2321
hod carrier ,2403
hod carrier ,2404
hod carrier ,2429
hod carrier ,2454
hod carrier ,2455
hod carrier ,2461
hod carrier ,2509
hod carrier ,2511
hod carrier ,2548
hod carrier ,2572
hod carrier ,2597
hod carrier ,2612
hod carrier ,2692
hod carrier ,2701
hod carrier ,2732
hod carrier ,2755
hod carrier ,2760
hod carrier ,2773
hod carrier ,2791
hod carrier ,2845
hod carrier ,2863
hod carrier ,2936
hod carrier ,2988
hod carrier ,3079
hod carrier ,3199
hod carrier ,3213
hod carrier ,3261
hod carrier ,3304
hod carrier ,3403
hod carrier ,3543
hod carrier ,3672
hod carrier ,3889
hod carrier ,3954
hod carrier cant tell ,593
hod carrier dont know ,408
hod carrier irregular ,356
hod carrier wood sawyer ,319
hog dealer ,3501
hominy dealer ,607
hominy dealer ,2977
hominy dealer ,3134
hominy dealer ,3516
hominy dealer ,3674
hominy man ,685
hominy man ,1589
hominy man ,2122
hominy man ,2270
hominy man ,2314
hominy man ,3416
hominy man and hackman his own ,756
hostler ,720
hostler ,2873
hostler ,3280
hostler ,4155
house carpenter ,2815
house carpenter ,2870
house carpenter ,3098
house carpenter ,3114
house carpenter ,3248
house carpenter ,3319
house carpenter ,3618
house carpenter ,4170
house painter ,3602
huckster,417
huckster,866
huckster,907
huckster,1220
huckster,1277
huckster,1331
huckster,1362
huckster,2140
huckster,3714
huckster laborer ,542
huckster very dull ,662
ice cream maker ,168
ice cream maker ,3641
idle ,1040
in chair store ,3608
in jewelry store ,3586
in oil store ,3301
in store ,3312
in store ,3816
in sum ,612
in type foundry ,2580
in winter jobbing in summer ice cream ,4193
indian doctor ,869
iron foundry ,3446
iron store ,4076
iron worker ,3688
ironing ,3864
ivory turner ,1610
janitor ,1038
janitor ,1691
jobber ,3763
jobber ,4068
jobbing ,2536
jobbing ,2539
jobbing ,2547
jobbing ,2549
jobbing ,2562
jobbing ,2600
jobbing ,2605
jobbing ,2631
jobbing ,2666
jobbing ,2678
jobbing ,2685
jobbing ,2693
jobbing ,2695
jobbing ,2696
jobbing ,2703
jobbing ,2716
jobbing ,2719
jobbing ,2721
jobbing ,2729
jobbing ,2733
jobbing ,2765
jobbing ,2783
jobbing ,2787
jobbing ,2801
jobbing ,2808
jobbing ,2816
jobbing ,2824
jobbing ,2831
jobbing ,2834
jobbing ,2852
jobbing ,2904
jobbing ,2923
jobbing ,2946
jobbing ,2958
jobbing ,2968
jobbing ,2982
jobbing ,2984
jobbing ,3026
jobbing ,3028
jobbing ,3062
jobbing ,3072
jobbing ,3083
jobbing ,3099
jobbing ,3118
jobbing ,3123
jobbing ,3146
jobbing ,3182
jobbing ,3186
jobbing ,3206
jobbing ,3209
jobbing ,3214
jobbing ,3230
jobbing ,3266
jobbing ,3269
jobbing ,3316
jobbing ,3328
jobbing ,3336
jobbing ,3342
jobbing ,3408
jobbing ,3438
jobbing ,3462
jobbing ,3474
jobbing ,3475
jobbing ,3478
jobbing ,3497
jobbing ,3510
jobbing ,3536
jobbing ,3538
jobbing ,3569
jobbing ,3600
jobbing ,3614
jobbing ,3616
jobbing ,3617
jobbing ,3619
jobbing ,3628
jobbing ,3701
jobbing ,3708
jobbing ,3717
jobbing ,3742
jobbing ,3751
jobbing ,3789
jobbing ,3792
jobbing ,3815
jobbing ,3826
jobbing ,3859
jobbing ,3871
jobbing ,3888
jobbing ,3898
jobbing ,3924
jobbing ,3934
jobbing ,3944
jobbing ,3951
jobbing ,3977
jobbing ,3985
jobbing ,3989
jobbing ,4005
jobbing ,4009
jobbing ,4018
jobbing ,4219
jobbing ,4229
jobbing ,4269
jobbing etc ,3055
jobbing etc ,4105
jobing ,3197
keeps hogs ,3034
lab ,1
lab ,69
lab ,74
lab ,79
lab ,80
lab ,81
lab ,82
lab ,87
lab ,98
lab ,282
lab ,814
lab ,935
lab ,1034
lab ,1050
lab ,1117
lab ,1317
lab ,1379
lab ,1464
lab ,1495
lab ,1798
lab ,2245
lab ,2350
lab ,2366
lab ,2397
lab ,2420
lab ,2433
lab in boat yard ,586
lab in drug store ,530
lab in dug mill ,479
lab in ink factory ,2213
lab in oyster h ,600
lab in stove store ,341
lab in stove store part of the time ,440
lab in sugar house ,1017
lab on farm ,1503
lab sometimes ,251
lab when able ,1494
lab when able ,1598
lab with grain meast ,640
lab with grain measure ,664
labor ,361
labor ,2798
labor ,2819
labor ,2857
labor ,4020
labor ,4027
labor ,4034
labor ,4047
labor ,4058
labor ,4061
labor ,4063
labor ,4064
labor ,4066
labor ,4073
labor ,4075
labor ,4077
labor ,4081
labor ,4083
labor ,4084
labor ,4090
labor ,4103
labor ,4104
labor ,4119
labor ,4121
labor ,4122
labor ,4126
labor ,4128
labor ,4136
labor ,4154
labor ,4158
labor ,4162
labor ,4169
labor ,4172
labor ,4180
labor ,4183
labor ,4184
labor ,4188
labor ,4190
labor ,4194
labor ,4209
labor ,4223
labor ,4226
labor ,4234
labor ,4238
labor ,4241
labor ,4245
labor ,4246
labor ,4250
labor ,4254
labor ,4260
labor ,4261
labor ,4268
labor ,4274
labor ,4276
labor ,4282
labor ,4283
laboratory ,3241
laborer ,7
laborer ,9
laborer ,16
laborer ,24
laborer ,29
laborer ,36
laborer ,48
laborer ,53
laborer ,57
laborer ,58
laborer ,60
laborer ,64
laborer ,65
laborer ,83
laborer ,84
laborer ,94
laborer ,97
laborer ,108
laborer ,177
laborer ,178
laborer ,189
laborer ,196
laborer ,197
laborer ,206
laborer ,218
laborer ,241
laborer ,257
laborer ,276
laborer ,279
laborer ,309
laborer ,315
laborer ,338
laborer ,339
laborer ,343
laborer ,352
laborer ,363
laborer ,392
laborer ,428
laborer ,460
laborer ,482
laborer ,483
laborer ,515
laborer ,516
laborer ,521
laborer ,522
laborer ,531
laborer ,585
laborer ,597
laborer ,617
laborer ,633
laborer ,647
laborer ,666
laborer ,691
laborer ,694
laborer ,709
laborer ,718
laborer ,721
laborer ,879
laborer ,885
laborer ,891
laborer ,913
laborer ,929
laborer ,930
laborer ,975
laborer ,977
laborer ,1016
laborer ,1068
laborer ,1077
laborer ,1082
laborer ,1083
laborer ,1084
laborer ,1108
laborer ,1115
laborer ,1142
laborer ,1198
laborer ,1199
laborer ,1214
laborer ,1221
laborer ,1222
laborer ,1225
laborer ,1251
laborer ,1252
laborer ,1253
laborer ,1259
laborer ,1263
laborer ,1265
laborer ,1275
laborer ,1288
laborer ,1289
laborer ,1295
laborer ,1301
laborer ,1306
laborer ,1309
laborer ,1315
laborer ,1320
laborer ,1321
laborer ,1323
laborer ,1325
laborer ,1332
laborer ,1343
laborer ,1347
laborer ,1348
laborer ,1382
laborer ,1389
laborer ,1390
laborer ,1413
laborer ,1429
laborer ,1440
laborer ,1457
laborer ,1461
laborer ,1472
laborer ,1475
laborer ,1502
laborer ,1538
laborer ,1549
laborer ,1562
laborer ,1579
laborer ,1588
laborer ,1635
laborer ,1656
laborer ,1690
laborer ,1702
laborer ,1704
laborer ,1729
laborer ,1745
laborer ,1790
laborer ,1796
laborer ,1808
laborer ,1836
laborer ,1858
laborer ,1859
laborer ,1930
laborer ,2020
laborer ,2092
laborer ,2119
laborer ,2140
laborer ,2174
laborer ,2195
laborer ,2242
laborer ,2246
laborer ,2272
laborer ,2277
laborer ,2304
laborer ,2317
laborer ,2327
laborer ,2332
laborer ,2336
laborer ,2345
laborer ,2348
laborer ,2359
laborer ,2371
laborer ,2392
laborer ,2393
laborer ,2405
laborer ,2443
laborer ,2460
laborer ,2463
laborer ,2468
laborer ,2474
laborer ,2479
laborer ,2491
laborer ,2508
laborer ,2513
laborer ,2517
laborer ,2519
laborer ,2537
laborer ,2543
laborer ,2545
laborer ,2558
laborer ,2560
laborer ,2567
laborer ,2592
laborer ,2619
laborer ,2622
laborer ,2623
laborer ,2624
laborer ,2642
laborer ,2643
laborer ,2648
laborer ,2651
laborer ,2658
laborer ,2659
laborer ,2663
laborer ,2664
laborer ,2679
laborer ,2682
laborer ,2694
laborer ,2700
laborer ,2706
laborer ,2709
laborer ,2717
laborer ,2728
laborer ,2731
laborer ,2734
laborer ,2743
laborer ,2746
laborer ,2761
laborer ,2805
laborer ,2811
laborer ,2825
laborer ,2826
laborer ,2827
laborer ,2869
laborer ,2880
laborer ,2886
laborer ,2889
laborer ,2906
laborer ,2910
laborer ,2912
laborer ,2914
laborer ,2917
laborer ,2924
laborer ,2930
laborer ,2945
laborer ,2954
laborer ,2956
laborer ,2960
laborer ,2964
laborer ,2971
laborer ,2983
laborer ,2993
laborer ,2998
laborer ,3000
laborer ,3002
laborer ,3012
laborer ,3015
laborer ,3018
laborer ,3021
laborer ,3036
laborer ,3059
laborer ,3084
laborer ,3087
laborer ,3088
laborer ,3126
laborer ,3131
laborer ,3135
laborer ,3148
laborer ,3149
laborer ,3154
laborer ,3165
laborer ,3167
laborer ,3172
laborer ,3188
laborer ,3204
laborer ,3256
laborer ,3257
laborer ,3272
laborer ,3292
laborer ,3302
laborer ,3327
laborer ,3347
laborer ,3349
laborer ,3367
laborer ,3381
laborer ,3382
laborer ,3385
laborer ,3388
laborer ,3391
laborer ,3394
laborer ,3396
laborer ,3405
laborer ,3409
laborer ,3419
laborer ,3437
laborer ,3440
laborer ,3452
laborer ,3457
laborer ,3460
laborer ,3466
laborer ,3494
laborer ,3501
laborer ,3508
laborer ,3515
laborer ,3517
laborer ,3530
laborer ,3539
laborer ,3542
laborer ,3573
laborer ,3580
laborer ,3596
laborer ,3598
laborer ,3612
laborer ,3621
laborer ,3634
laborer ,3642
laborer ,3655
laborer ,3656
laborer ,3658
laborer ,3668
laborer ,3682
laborer ,3697
laborer ,3705
laborer ,3706
laborer ,3719
laborer ,3721
laborer ,3722
laborer ,3738
laborer ,3740
laborer ,3749
laborer ,3756
laborer ,3765
laborer ,3769
laborer ,3770
laborer ,3775
laborer ,3776
laborer ,3788
laborer ,3798
laborer ,3805
laborer ,3809
laborer ,3822
laborer ,3839
laborer ,3852
laborer ,3875
laborer ,3880
laborer ,3885
laborer ,3893
laborer ,3894
laborer ,3899
laborer ,3909
laborer ,3911
laborer ,3930
laborer ,3947
laborer ,3956
laborer ,3964
laborer ,3980
laborer ,3991
laborer ,3993
laborer ,4003
laborer ,4010
laborer ,4043
laborer ,4048
laborer ,4053
laborer ,4089
laborer ,4093
laborer ,4107
laborer ,4108
laborer ,4109
laborer ,4110
laborer ,4123
laborer ,4137
laborer ,4152
laborer ,4161
laborer ,4173
laborer ,4178
laborer ,4195
laborer ,4199
laborer ,4210
laborer ,4211
laborer ,4224
laborer ,4231
laborer ,4240
laborer ,4252
laborer ,4256
laborer ,4267
laborer ,4280
laborer each ,360
laborer in coal yard ,2684
laborer in coal yard ,2744
laborer in coal yard ,2786
laborer in labratory ,3644
laborer in lumber yard ,2531
laborer in lumber yard ,2533
laborer in lumber yard ,2630
laborer in lumber yard ,2840
laborer in lumber yard ,2848
laborer irregular ,394
laborer irregular ,540
laborer irregular ,655
laborer on farm ,1340
laborer on steamboat ,2769
laborer on wharf ,3750
labors on farm ,1442
ladies shoemaker ,127
lamp dealer,3757
lh clothes seller ,3203
lime burner ,4049
livery stable ,2431
livery stable ,2446
livery stable ,3583
lumber merchant ,1592
lumber yard ,3718
lumber yard ,4070
makes bricks ,4177
makes little wooden ornaments ,3796
makes mats ,3133
makes saw handles ,1781
man helpless ,2820
man helpless ,4255
man nearly helpless ,4242
mans nurse ,870
market works at ,3632
master carpenter ,808
master cooper in ny ,899
matt maker ,1487
melting iron ,4036
messanger ,166
minister ,2987
morocco dresser ,3287
muffin baker ,882
muffin dealer ,3305
muscian ,1034
muscician ,2182
music teacher ,955
music teacher ,1291
musician ,204
musician ,670
musician ,893
musician ,927
musician ,1180
musician ,1181
musician ,1229
musician ,1245
musician ,1355
musician ,1366
musician ,1368
musician ,1855
musician ,2057
musician ,2058
musician ,2138
musician ,2211
musician ,2212
musician ,2227
musician ,2398
musician ,2710
musician ,2937
musician ,2965
musician & boot mr,119
musician etc ,3043
night work ,3077
night work ,3514
night work ,3567
night work ,3721
night work ,3727
night work ,3842
night work ,3849
no occupation lame ,368
not able ,509
not able ,689
not able ,710
not able ,790
not able ,904
not able ,940
not able ,1003
not able ,1006
not able ,1046
not able ,1270
not able ,1282
not able ,1443
not able ,1446
not able ,1462
not able ,1583
not able ,1641
not able ,1712
not able ,1765
not able ,1807
not able ,1817
not able ,1850
not able ,1952
not able ,2048
not able ,2088
not able ,2119
not able ,2333
not able ,2350
not able ,2459
not able ,2471
not able to do much ,771
not able to work ,649
not employed,2326
nothing to do,4171
null,2
null,10
null,11
null,12
null,13
null,17
null,20
null,21
null,23
null,27
null,31
null,35
null,37
null,39
null,40
null,41
null,42
null,44
null,45
null,47
null,49
null,50
null,51
null,52
null,54
null,56
null,59
null,61
null,62
null,70
null,72
null,75
null,76
null,78
null,90
null,91
null,92
null,93
null,95
null,104
null,111
null,112
null,114
null,118
null,122
null,123
null,124
null,125
null,134
null,138
null,139
null,140
null,143
null,144
null,149
null,160
null,161
null,170
null,183
null,186
null,187
null,190
null,191
null,192
null,198
null,199
null,201
null,202
null,210
null,212
null,213
null,214
null,215
null,216
null,217
null,221
null,222
null,223
null,224
null,226
null,227
null,228
null,231
null,237
null,238
null,239
null,248
null,249
null,258
null,260
null,262
null,265
null,267
null,268
null,269
null,271
null,272
null,273
null,274
null,280
null,284
null,287
null,291
null,292
null,293
null,294
null,295
null,296
null,300
null,302
null,312
null,318
null,321
null,323
null,327
null,330
null,333
null,334
null,335
null,344
null,345
null,358
null,359
null,364
null,367
null,369
null,370
null,372
null,375
null,377
null,388
null,391
null,396
null,397
null,400
null,405
null,413
null,416
null,424
null,434
null,435
null,437
null,439
null,444
null,445
null,454
null,456
null,458
null,459
null,461
null,463
null,464
null,465
null,471
null,473
null,474
null,475
null,476
null,494
null,495
null,498
null,504
null,507
null,511
null,514
null,520
null,523
null,526
null,528
null,532
null,538
null,544
null,548
null,549
null,550
null,554
null,555
null,557
null,559
null,561
null,563
null,565
null,566
null,568
null,574
null,579
null,581
null,587
null,590
null,598
null,610
null,620
null,622
null,625
null,627
null,628
null,634
null,641
null,642
null,652
null,656
null,657
null,659
null,660
null,683
null,686
null,688
null,690
null,699
null,702
null,703
null,705
null,707
null,708
null,714
null,727
null,728
null,730
null,731
null,735
null,739
null,744
null,745
null,751
null,752
null,753
null,754
null,755
null,758
null,760
null,770
null,778
null,779
null,784
null,786
null,797
null,798
null,800
null,801
null,802
null,815
null,816
null,817
null,820
null,822
null,823
null,825
null,826
null,828
null,829
null,830
null,839
null,840
null,842
null,843
null,847
null,848
null,851
null,852
null,862
null,863
null,864
null,872
null,876
null,880
null,881
null,883
null,884
null,886
null,887
null,889
null,890
null,892
null,894
null,897
null,898
null,901
null,902
null,903
null,909
null,914
null,919
null,920
null,922
null,924
null,931
null,932
null,933
null,936
null,937
null,941
null,944
null,947
null,948
null,950
null,952
null,953
null,954
null,958
null,959
null,962
null,963
null,964
null,965
null,967
null,972
null,973
null,976
null,978
null,979
null,980
null,982
null,983
null,984
null,985
null,989
null,992
null,994
null,996
null,999
null,1001
null,1005
null,1012
null,1019
null,1028
null,1031
null,1042
null,1043
null,1044
null,1048
null,1056
null,1057
null,1060
null,1061
null,1063
null,1065
null,1085
null,1089
null,1091
null,1092
null,1095
null,1096
null,1100
null,1101
null,1102
null,1111
null,1113
null,1116
null,1121
null,1122
null,1125
null,1127
null,1132
null,1133
null,1136
null,1138
null,1139
null,1145
null,1146
null,1147
null,1148
null,1149
null,1150
null,1153
null,1154
null,1161
null,1162
null,1163
null,1167
null,1169
null,1170
null,1172
null,1173
null,1175
null,1177
null,1190
null,1191
null,1192
null,1193
null,1195
null,1196
null,1200
null,1201
null,1202
null,1203
null,1204
null,1206
null,1207
null,1208
null,1209
null,1210
null,1211
null,1212
null,1218
null,1223
null,1226
null,1230
null,1233
null,1234
null,1235
null,1237
null,1238
null,1239
null,1241
null,1243
null,1247
null,1254
null,1260
null,1261
null,1267
null,1269
null,1272
null,1279
null,1281
null,1283
null,1284
null,1294
null,1297
null,1307
null,1308
null,1313
null,1330
null,1334
null,1344
null,1345
null,1346
null,1350
null,1353
null,1358
null,1359
null,1364
null,1369
null,1370
null,1371
null,1377
null,1384
null,1386
null,1387
null,1397
null,1398
null,1399
null,1404
null,1406
null,1408
null,1412
null,1419
null,1423
null,1425
null,1432
null,1433
null,1435
null,1437
null,1438
null,1444
null,1445
null,1447
null,1448
null,1449
null,1456
null,1463
null,1469
null,1476
null,1477
null,1480
null,1484
null,1489
null,1491
null,1492
null,1496
null,1497
null,1499
null,1504
null,1506
null,1509
null,1510
null,1516
null,1520
null,1524
null,1529
null,1531
null,1536
null,1537
null,1544
null,1545
null,1552
null,1559
null,1563
null,1564
null,1565
null,1570
null,1575
null,1576
null,1584
null,1585
null,1586
null,1590
null,1603
null,1604
null,1609
null,1612
null,1613
null,1620
null,1643
null,1648
null,1649
null,1651
null,1653
null,1655
null,1658
null,1659
null,1667
null,1668
null,1669
null,1671
null,1673
null,1674
null,1679
null,1680
null,1682
null,1686
null,1687
null,1698
null,1713
null,1716
null,1720
null,1722
null,1724
null,1727
null,1728
null,1730
null,1733
null,1739
null,1740
null,1742
null,1748
null,1749
null,1752
null,1766
null,1768
null,1773
null,1783
null,1786
null,1788
null,1792
null,1799
null,1800
null,1801
null,1802
null,1805
null,1810
null,1811
null,1812
null,1814
null,1819
null,1821
null,1822
null,1824
null,1825
null,1826
null,1829
null,1830
null,1831
null,1833
null,1835
null,1837
null,1838
null,1841
null,1843
null,1844
null,1848
null,1851
null,1853
null,1854
null,1857
null,1864
null,1867
null,1869
null,1872
null,1876
null,1882
null,1886
null,1899
null,1900
null,1902
null,1903
null,1906
null,1907
null,1908
null,1911
null,1916
null,1918
null,1921
null,1923
null,1924
null,1928
null,1933
null,1935
null,1937
null,1938
null,1939
null,1941
null,1945
null,1947
null,1948
null,1949
null,1950
null,1951
null,1954
null,1955
null,1959
null,1961
null,1963
null,1964
null,1971
null,1985
null,1987
null,1993
null,2003
null,2006
null,2012
null,2016
null,2018
null,2026
null,2028
null,2031
null,2035
null,2038
null,2040
null,2041
null,2044
null,2045
null,2047
null,2052
null,2055
null,2056
null,2066
null,2067
null,2068
null,2069
null,2071
null,2072
null,2082
null,2084
null,2085
null,2086
null,2087
null,2089
null,2090
null,2094
null,2098
null,2099
null,2103
null,2110
null,2111
null,2112
null,2113
null,2114
null,2115
null,2121
null,2124
null,2127
null,2130
null,2131
null,2133
null,2134
null,2135
null,2142
null,2143
null,2147
null,2148
null,2159
null,2160
null,2161
null,2163
null,2164
null,2167
null,2175
null,2177
null,2178
null,2181
null,2184
null,2186
null,2187
null,2188
null,2189
null,2191
null,2194
null,2197
null,2200
null,2207
null,2208
null,2214
null,2219
null,2224
null,2225
null,2229
null,2231
null,2234
null,2243
null,2244
null,2247
null,2248
null,2249
null,2258
null,2260
null,2263
null,2264
null,2265
null,2271
null,2273
null,2284
null,2285
null,2286
null,2288
null,2289
null,2291
null,2297
null,2305
null,2306
null,2309
null,2310
null,2311
null,2312
null,2315
null,2319
null,2323
null,2329
null,2338
null,2340
null,2344
null,2351
null,2362
null,2363
null,2364
null,2367
null,2370
null,2372
null,2375
null,2376
null,2380
null,2389
null,2391
null,2410
null,2417
null,2436
null,2437
null,2447
null,2451
null,2453
null,2462
null,2466
null,2472
null,2476
null,2478
null,2487
null,2495
null,2500
null,2502
null,2505
null,2506
null,2522
null,2530
null,2532
null,2538
null,2544
null,2552
null,2553
null,2559
null,2564
null,2566
null,2574
null,2576
null,2582
null,2583
null,2595
null,2601
null,2603
null,2607
null,2628
null,2629
null,2632
null,2634
null,2635
null,2636
null,2640
null,2645
null,2646
null,2649
null,2660
null,2671
null,2681
null,2689
null,2690
null,2698
null,2699
null,2702
null,2708
null,2711
null,2724
null,2725
null,2735
null,2751
null,2770
null,2771
null,2772
null,2780
null,2784
null,2785
null,2794
null,2795
null,2796
null,2803
null,2804
null,2809
null,2821
null,2822
null,2828
null,2829
null,2832
null,2836
null,2847
null,2850
null,2856
null,2862
null,2864
null,2874
null,2888
null,2893
null,2894
null,2903
null,2909
null,2911
null,2916
null,2918
null,2919
null,2926
null,2928
null,2932
null,2934
null,2963
null,2967
null,2973
null,2985
null,2989
null,2997
null,3004
null,3011
null,3014
null,3019
null,3020
null,3022
null,3024
null,3027
null,3029
null,3037
null,3048
null,3052
null,3054
null,3056
null,3063
null,3064
null,3066
null,3069
null,3073
null,3091
null,3092
null,3100
null,3103
null,3108
null,3122
null,3124
null,3127
null,3137
null,3138
null,3140
null,3142
null,3159
null,3160
null,3166
null,3169
null,3187
null,3192
null,3210
null,3218
null,3219
null,3220
null,3227
null,3231
null,3235
null,3244
null,3247
null,3249
null,3250
null,3264
null,3265
null,3276
null,3282
null,3284
null,3293
null,3296
null,3306
null,3308
null,3309
null,3310
null,3314
null,3315
null,3330
null,3334
null,3337
null,3338
null,3340
null,3355
null,3371
null,3372
null,3376
null,3384
null,3386
null,3390
null,3392
null,3399
null,3402
null,3411
null,3417
null,3422
null,3427
null,3434
null,3445
null,3449
null,3450
null,3454
null,3461
null,3465
null,3468
null,3482
null,3484
null,3490
null,3495
null,3506
null,3507
null,3509
null,3512
null,3527
null,3529
null,3531
null,3535
null,3540
null,3544
null,3549
null,3552
null,3553
null,3554
null,3555
null,3561
null,3564
null,3565
null,3578
null,3582
null,3610
null,3611
null,3626
null,3630
null,3638
null,3643
null,3646
null,3648
null,3653
null,3669
null,3670
null,3676
null,3678
null,3686
null,3687
null,3692
null,3693
null,3698
null,3703
null,3709
null,3715
null,3720
null,3728
null,3729
null,3730
null,3732
null,3733
null,3736
null,3741
null,3744
null,3753
null,3762
null,3768
null,3777
null,3779
null,3783
null,3793
null,3795
null,3807
null,3810
null,3812
null,3814
null,3825
null,3834
null,3835
null,3837
null,3845
null,3847
null,3848
null,3853
null,3856
null,3865
null,3868
null,3869
null,3870
null,3872
null,3881
null,3891
null,3895
null,3906
null,3907
null,3908
null,3913
null,3914
null,3916
null,3917
null,3927
null,3933
null,3935
null,3936
null,3940
null,3945
null,3946
null,3948
null,3950
null,3953
null,3963
null,3966
null,3969
null,3970
null,3971
null,3979
null,3981
null,3982
null,3986
null,3987
null,3988
null,3994
null,4007
null,4013
null,4016
null,4019
null,4023
null,4028
null,4029
null,4035
null,4037
null,4039
null,4040
null,4042
null,4045
null,4050
null,4059
null,4060
null,4062
null,4065
null,4069
null,4072
null,4079
null,4080
null,4085
null,4086
null,4088
null,4097
null,4111
null,4114
null,4115
null,4118
null,4120
null,4125
null,4130
null,4133
null,4139
null,4142
null,4143
null,4144
null,4146
null,4148
null,4157
null,4159
null,4160
null,4168
null,4186
null,4187
null,4198
null,4205
null,4213
null,4222
null,4233
null,4237
null,4248
null,4251
null,4258
null,4265
null,4266
null,4271
null,4273
null,4277
null,4278
null,4279
null,4281
ornamental painter ,2524
oyster ,2730
oyster ,2885
oyster ,4207
oyster & eating cellar,2525
oyster cart ,3766
oyster dealer ,3799
oyster house ,329
oyster house ,591
oyster house ,765
oyster house ,1026
oyster house ,1107
oyster house ,1356
oyster house ,1403
oyster house ,1513
oyster house ,1555
oyster house ,1646
oyster house ,1756
oyster house ,2007
oyster peddler ,154
oyster peddler ,615
oyster peddler ,763
oyster peddler ,805
oyster peddler ,1053
oyster peddler ,1250
oyster peddler ,1311
oyster seller ,3179
oyster seller ,3299
oyster seller ,3303
oyster stand irregular ,537
oysterman ,1290
oysterman ,1528
oysterman ,1981
oysterman ,2104
oysterman ,2333
oysterman ,2571
oysterman ,2687
oysterman ,3070
oysterman ,3109
oysterman ,3175
oysterman ,3185
oysterman ,3258
oysterman ,3285
oysterman ,3400
oysterman ,3424
oysterman ,3428
oysterman ,3511
oysterman ,3547
oysterman ,3585
oysterman ,3666
oysterman ,3699
oysterman ,3878
oysterman ,3915
oysterman ,3921
oystrman ,3581
packer ,1737
packer ,2486
painter ,508
painter ,592
painter ,1363
painter ,1436
painter ,1778
painter ,2223
painter ,3065
past doing work ,501
past labor ,850
past labor ,1464
past work ,681
past work ,1481
paster central presbyterian church ,453
paster of union bap ch ,2269
peddler ,558
peddler of goods ,2573
perfumery ,3061
perfumery ,3702
photographist ,101
physician ,3251
picker of rags ,3939
picks coal ,3978
plaster ,4031
plasterer ,961
plasterer ,2077
plasterer ,2168
plasterer ,2541
plasterer ,2542
plasterer ,2759
plasterer ,3278
plasterer ,3627
plasterer ,4022
poeter ,1129
poeter ,1991
poeter ,2442
port ,101
porter ,30
porter ,43
porter ,46
porter ,55
porter ,63
porter ,73
porter ,85
porter ,89
porter ,96
porter ,116
porter ,129
porter ,131
porter ,132
porter ,146
porter ,147
porter ,148
porter ,153
porter ,162
porter ,163
porter ,179
porter ,180
porter ,181
porter ,185
porter ,209
porter ,219
porter ,220
porter ,240
porter ,242
porter ,247
porter ,266
porter ,288
porter ,289
porter ,305
porter ,306
porter ,317
porter ,339
porter ,354
porter ,378
porter ,384
porter ,387
porter ,390
porter ,393
porter ,398
porter ,421
porter ,422
porter ,425
porter ,428
porter ,448
porter ,462
porter ,477
porter ,489
porter ,492
porter ,503
porter ,509
porter ,515
porter ,527
porter ,542
porter ,553
porter ,556
porter ,560
porter ,573
porter ,577
porter ,601
porter ,626
porter ,630
porter ,631
porter ,632
porter ,635
porter ,636
porter ,637
porter ,645
porter ,653
porter ,658
porter ,668
porter ,698
porter ,719
porter ,721
porter ,724
porter ,729
porter ,740
porter ,748
porter ,757
porter ,769
porter ,773
porter ,791
porter ,807
porter ,809
porter ,814
porter ,819
porter ,846
porter ,856
porter ,867
porter ,900
porter ,911
porter ,926
porter ,943
porter ,960
porter ,968
porter ,986
porter ,1015
porter ,1030
porter ,1049
porter ,1069
porter ,1081
porter ,1097
porter ,1110
porter ,1112
porter ,1124
porter ,1134
porter ,1143
porter ,1144
porter ,1151
porter ,1155
porter ,1165
porter ,1242
porter ,1271
porter ,1274
porter ,1287
porter ,1296
porter ,1300
porter ,1311
porter ,1319
porter ,1333
porter ,1352
porter ,1355
porter ,1373
porter ,1376
porter ,1380
porter ,1395
porter ,1396
porter ,1414
porter ,1416
porter ,1427
porter ,1441
porter ,1450
porter ,1457
porter ,1458
porter ,1465
porter ,1466
porter ,1467
porter ,1470
porter ,1474
porter ,1482
porter ,1512
porter ,1515
porter ,1539
porter ,1540
porter ,1548
porter ,1557
porter ,1558
porter ,1566
porter ,1573
porter ,1581
porter ,1589
porter ,1591
porter ,1593
porter ,1594
porter ,1608
porter ,1615
porter ,1625
porter ,1626
porter ,1628
porter ,1634
porter ,1639
porter ,1672
porter ,1678
porter ,1706
porter ,1709
porter ,1715
porter ,1721
porter ,1732
porter ,1734
porter ,1751
porter ,1754
porter ,1767
porter ,1769
porter ,1771
porter ,1772
porter ,1781
porter ,1793
porter ,1808
porter ,1818
porter ,1827
porter ,1834
porter ,1839
porter ,1850
porter ,1852
porter ,1856
porter ,1871
porter ,1879
porter ,1883
porter ,1884
porter ,1885
porter ,1892
porter ,1896
porter ,1897
porter ,1905
porter ,1920
porter ,1922
porter ,1927
porter ,1943
porter ,1965
porter ,1966
porter ,1992
porter ,2042
porter ,2046
porter ,2050
porter ,2051
porter ,2064
porter ,2075
porter ,2081
porter ,2093
porter ,2105
porter ,2116
porter ,2141
porter ,2144
porter ,2166
porter ,2179
porter ,2198
porter ,2202
porter ,2204
porter ,2222
porter ,2253
porter ,2278
porter ,2281
porter ,2282
porter ,2299
porter ,2302
porter ,2303
porter ,2307
porter ,2314
porter ,2325
porter ,2328
porter ,2334
porter ,2358
porter ,2361
porter ,2368
porter ,2369
porter ,2373
porter ,2377
porter ,2379
porter ,2394
porter ,2401
porter ,2421
porter ,2422
porter ,2424
porter ,2432
porter ,2444
porter ,2452
porter ,2456
porter ,2469
porter ,2475
porter ,2482
porter ,2483
porter ,2489
porter ,2540
porter ,2596
porter ,2614
porter ,2638
porter ,2713
porter ,2748
porter ,2868
porter ,2883
porter ,2898
porter ,2955
porter ,2995
porter ,3016
porter ,3017
porter ,3023
porter ,3031
porter ,3068
porter ,3080
porter ,3085
porter ,3090
porter ,3104
porter ,3110
porter ,3144
porter ,3178
porter ,3184
porter ,3216
porter ,3223
porter ,3236
porter ,3237
porter ,3243
porter ,3246
porter ,3252
porter ,3267
porter ,3268
porter ,3270
porter ,3277
porter ,3300
porter ,3335
porter ,3345
porter ,3351
porter ,3377
porter ,3378
porter ,3393
porter ,3401
porter ,3447
porter ,3463
porter ,3464
porter ,3487
porter ,3502
porter ,3518
porter ,3524
porter ,3526
porter ,3562
porter ,3568
porter ,3587
porter ,3704
porter ,3707
porter ,3725
porter ,3745
porter ,3771
porter ,3821
porter ,3824
porter ,3861
porter ,3900
porter ,3901
porter ,3910
porter ,3949
porter ,3996
porter ,4055
porter ,4106
porter ,4153
porter ,4164
porter ,4167
porter ,4175
porter ,4179
porter ,4192
porter ,4218
porter ,4230
porter but little ,395
porter cant tell ,629
porter cant tell ,672
porter cant tell ,682
porter cant tell ,713
porter dont know ,701
porter dull moro ,711
porter house ,724
porter house ,2818
porter in store ,2647
porter in store ,2656
porter in store ,2790
porter in store ,2792
porter in store ,2814
porter in store ,2969
porter in store ,3025
porter in store ,3039
porter in store ,3057
porter in store ,3074
porter in store ,3082
porter in store ,3116
porter in store ,3128
porter in store ,3129
porter in store ,3157
porter in store ,3201
porter in store ,3207
porter in store ,3290
porter in store ,3313
porter in store ,3317
porter in store ,3326
porter in store ,3354
porter in store ,3357
porter in store ,3412
porter in store ,3425
porter in store ,3458
porter in store ,3486
porter in store ,3537
porter in store ,3579
porter in store ,3597
porter in store ,3615
porter in store ,3657
porter in store ,3679
porter in store ,3696
porter in store ,3737
porter in store ,3758
porter in store ,3778
porter in store ,3780
porter in store ,3836
porter in store ,3844
porter in store ,3922
porter in store ,3925
porter in store ,3974
porter in store ,4006
porter in store ,4041
porter irregular ,255
porter irregular ,480
porter irregular ,490
porter irregular ,595
porter irregular ,603
porter not much ,594
porter sometimes ,376
porter very dull ,430
porter very little ,704
porter very little drives coal cart ,379
porter very little now ,491
potter ,2526
preacher ,3113
preacher ,3232
preacher ,3312
preacher ,3471
preacheress ,3476
private teacher ,692
private teacher ,1355
private watchman ,1000
pub waiter ,2220
public porter ,2514
public porter ,2563
public porter ,2569
public porter ,2644
public porter ,2697
public porter ,2774
public porter ,2812
public porter ,2813
public porter ,2851
public porter ,2929
public porter ,3003
public porter ,3051
public porter ,3413
public porter ,3414
public porter ,3690
public porter ,3712
public porter ,3967
public porter ,3975
public porter ,4002
public porter ,4232
public school teacher ,4145
public waiter ,918
public waiter ,988
public waiter ,1009
public waiter ,1936
public waiter ,1981
public waiter ,2007
public waiter ,2015
public waiter ,2030
public waiter ,2408
public waiter ,2749
public waiter ,2878
public waiter ,2931
public waiter ,2951
public waiter ,2974
public waiter ,3078
public waiter ,3081
public waiter ,3104
public waiter ,3195
public waiter ,3196
public waiter ,3208
public waiter ,3253
public waiter ,3397
public waiter ,3423
public waiter ,3520
public waiter ,3680
public waiter ,3684
public waiter ,3860
public waiter ,3876
public waiter ,3890
public waiter ,3941
puts in coal ,363
puts in coal ,1178
puts in coal ,1361
puts in coal ,1473
puts in coal ,1967
puts in coal ,2203
puts in coal ,2835
puts in coal ,4262
puts in coal when able ,1246
putting in coal ,644
putting in coal ,1434
putting in coal ,1692
putting in coal irregular ,340
putting in coal irregular cant tell ,254
rag & bone,2907
rag & bone,2933
rag & bone,2952
rag & bone,2957
rag & bone,2996
rag & bone,3006
rag & bone,3013
rag & bone,3030
rag & bone,3076
rag & bone,3093
rag & bone,3112
rag & bone,3120
rag & bone,3141
rag & bone,3147
rag & bone,3189
rag & bone,3239
rag & bone,3240
rag & bone,3254
rag & bone,3307
rag & bone,3361
rag & bone,3362
rag & bone,3379
rag & bone,3455
rag & bone,3470
rag & bone,3545
rag & bone,3574
rag & bone,3575
rag & bone,3603
rag & bone,3605
rag & bone,3623
rag & bone,3689
rag & bone,3791
rag & bone,3802
rag & bone,3806
rag & bone,3841
rag & bone,4004
rag & bone etc ,3170
rag & bone etc ,3436
rag & bone etc ,3784
rag & bone gatherer,3938
rag dealer ,442
rag dealer ,443
rag dealer ,654
rag dealer ,1322
rag dealer cant tell ,609
rag gatherer ,348
rag picker ,2881
rag picker ,3060
rag picker ,3324
rag picker ,3387
rag picker ,3636
raises hogs ,1439
raises hogs ,3049
raises hogs ,3593
raises hogs ,4102
rases flags ,2608
rather worthless ,4082
recter of st thomass ch ,2498
refectory ,2251
refectory ,3773
refectory ,3896
refectory ,3968
s washer ,1776
sadler ,757
sail ,789
sail maker ,172
sail maker ,1179
sail maker ,1264
sail maker ,1607
sail maker ,2879
sail maker ,3102
sail maker ,3117
sail maker ,3902
sailmaker ,1616
sailor ,2657
sailor ,2891
sailor ,2970
sailor ,2991
sailor ,3260
sailor ,3279
sailor ,3345
sailor ,3356
sailor ,3787
sailor ,3811
sailor ,3952
sailor ,4099
sailor ,4135
salt & grain carrier,1327
salt carrier ,619
salt carrier ,3191
salt carrier irregular ,616
saw mill ,4150
sawyer ,2516
say nothing when boat stops running ,251
school teacher ,419
school teacher ,533
school teacher ,796
school teacher ,1787
school teacher ,2450
school teacher ,2950
scourer ,988
scourer ,1518
scourer ,2101
sea captain,135
seaman ,8
seaman ,15
seaman ,26
seaman ,28
seaman ,69
seaman ,115
seaman ,117
seaman ,150
seaman ,171
seaman ,195
seaman ,207
seaman ,229
seaman ,236
seaman ,253
seaman ,263
seaman ,299
seaman ,347
seaman ,409
seaman ,415
seaman ,426
seaman ,432
seaman ,455
seaman ,478
seaman ,493
seaman ,499
seaman ,506
seaman ,518
seaman ,524
seaman ,535
seaman ,551
seaman ,552
seaman ,560
seaman ,567
seaman ,623
seaman ,638
seaman ,663
seaman ,677
seaman ,680
seaman ,710
seaman ,716
seaman ,722
seaman ,725
seaman ,775
seaman ,792
seaman ,799
seaman ,804
seaman ,818
seaman ,824
seaman ,837
seaman ,838
seaman ,875
seaman ,877
seaman ,888
seaman ,895
seaman ,912
seaman ,916
seaman ,923
seaman ,991
seaman ,1000
seaman ,1024
seaman ,1032
seaman ,1047
seaman ,1066
seaman ,1067
seaman ,1070
seaman ,1071
seaman ,1098
seaman ,1120
seaman ,1135
seaman ,1164
seaman ,1168
seaman ,1182
seaman ,1185
seaman ,1262
seaman ,1278
seaman ,1293
seaman ,1298
seaman ,1305
seaman ,1324
seaman ,1339
seaman ,1360
seaman ,1374
seaman ,1375
seaman ,1401
seaman ,1409
seaman ,1420
seaman ,1452
seaman ,1468
seaman ,1473
seaman ,1493
seaman ,1512
seaman ,1562
seaman ,1566
seaman ,1622
seaman ,1633
seaman ,1635
seaman ,1696
seaman ,1706
seaman ,1747
seaman ,1770
seaman ,1842
seaman ,1850
seaman ,1929
seaman ,1940
seaman ,1946
seaman ,1986
seaman ,2013
seaman ,2014
seaman ,2033
seaman ,2034
seaman ,2101
seaman ,2138
seaman ,2145
seaman ,2162
seaman ,2173
seaman ,2176
seaman ,2193
seaman ,2199
seaman ,2232
seaman ,2254
seaman ,2262
seaman ,2301
seaman ,2308
seaman ,2346
seaman ,2347
seaman ,2360
seaman ,2381
seaman ,2399
seaman ,2434
seaman ,2480
seaman ,2585
seaman ,2720
seaman ,2763
seaman ,2859
seaman ,2865
seaman ,2896
seaman ,2899
seaman ,2925
seaman ,2943
seaman ,2961
seaman ,3001
seaman ,3053
seaman ,3153
seaman ,3163
seaman ,3233
seaman ,3274
seaman ,3339
seaman ,3360
seaman ,3406
seaman ,3407
seaman ,3418
seaman ,3420
seaman ,3429
seaman ,3441
seaman ,3459
seaman ,3469
seaman ,3483
seaman ,3489
seaman ,3504
seaman ,3532
seaman ,3534
seaman ,3550
seaman ,3551
seaman ,3566
seaman ,3591
seaman ,3592
seaman ,3595
seaman ,3625
seaman ,3639
seaman ,3651
seaman ,3665
seaman ,3675
seaman ,3711
seaman ,3731
seaman ,3752
seaman ,3764
seaman ,3786
seaman ,3813
seaman ,3832
seaman ,3862
seaman ,3863
seaman ,3873
seaman ,3937
seaman ,3958
seaman ,3960
seaman cant tell ,736
seaman irregular ,342
seaman when able ,1029
seeking business ,1038
selling cakes ,4017
sells cakes ,4044
sells door mats ,3200
sells pepper pot ,2752
sels oyster ,4225
service ,100
service ,136
service ,297
service ,324
service ,399
sewing ,2534
sewing ,2654
sexton ,1013
sexton ,1174
sexton ,1560
sexton ,2228
sh clothes dealer ,3649
shand clothes dealer ,3155
shave shingles ,2776
shave shingles ,4235
ship carpenter ,1159
ship carpenter ,3472
ship carpenter ,3500
shipping master ,3451
shipwright ,3662
shoe maker ,1103
shoe maker ,2153
shoe maker ,2366
shoe maker ,2449
shoe maker ,3121
shoe maker ,3130
shoe maker ,3389
shoe maker ,3415
shoe maker ,3790
shoe maker ,3838
shoe maker ,4201
shoemaker ,164
shoemaker ,243
shoemaker ,304
shoemaker ,320
shoemaker ,418
shoemaker ,500
shoemaker ,512
shoemaker ,539
shoemaker ,585
shoemaker ,733
shoemaker ,874
shoemaker ,893
shoemaker ,925
shoemaker ,1007
shoemaker ,1014
shoemaker ,1033
shoemaker ,1038
shoemaker ,1291
shoemaker ,1292
shoemaker ,1314
shoemaker ,1349
shoemaker ,1351
shoemaker ,1357
shoemaker ,1400
shoemaker ,1490
shoemaker ,1530
shoemaker ,1547
shoemaker ,1611
shoemaker ,1637
shoemaker ,1641
shoemaker ,1647
shoemaker ,1660
shoemaker ,1744
shoemaker ,1775
shoemaker ,1791
shoemaker ,1840
shoemaker ,1898
shoemaker ,1926
shoemaker ,1970
shoemaker ,1995
shoemaker ,2062
shoemaker ,2123
shoemaker ,2139
shoemaker ,2190
shoemaker ,2233
shoemaker ,2237
shoemaker ,2240
shoemaker ,2279
shoemaker ,2418
shoemaker ,2459
shoemaker ,4191
shoemaker average ,584
shoemaker is unsteady ,588
shop keeper ,529
shop keeper ,1062
shop keeper ,2226
sign painter ,101
silversmith ,1711
sink cleaner ,2551
sink cleaner ,2670
sink cleaner ,2802
sink cleaner ,3008
sink cleaner ,3522
sink cleaner ,3624
sink cleaner ,3739
sink cleaning ,2637
sn hand clothes dealer ,3607
sn hand clothes dealer ,4181
son labor ,4131
sons carter ,2575
sons carter ,4071
state service ,1312
stevedore ,14
stevedore ,19
stevedore ,33
stevedore ,34
stevedore ,88
stevedore ,110
stevedore ,157
stevedore ,205
stevedore ,207
stevedore ,307
stevedore ,337
stevedore ,433
stevedore ,487
stevedore ,488
stevedore ,569
stevedore ,772
stevedore ,805
stevedore ,832
stevedore ,905
stevedore ,910
stevedore ,915
stevedore ,917
stevedore ,921
stevedore ,923
stevedore ,934
stevedore ,935
stevedore ,1074
stevedore ,1119
stevedore ,1130
stevedore ,1160
stevedore ,1227
stevedore ,1302
stevedore ,1326
stevedore ,1328
stevedore ,1335
stevedore ,1498
stevedore ,1567
stevedore ,1597
stevedore ,1623
stevedore ,1624
stevedore ,1845
stevedore ,1887
stevedore ,1888
stevedore ,1890
stevedore ,1973
stevedore ,1975
stevedore ,1997
stevedore ,2183
stevedore ,2354
stevedore ,4024
stevedore ,4185
stevedore ,4257
stevedore cant tell ,401
stevedore cant tell ,599
stevedore dull in winter ,611
stevedore irregular ,429
stevedore irregular ,447
stevedore when able ,1917
steward ,130
steward ,137
steward ,208
steward ,245
steward ,252
steward ,298
steward ,467
steward ,734
steward ,737
steward ,1021
steward ,1240
steward ,1511
steward ,1610
steward ,1898
steward ,1909
steward ,1942
steward ,2275
steward ,2438
steward of s boat ,3803
steward on steam boat ,3955
steward on steam ship ,2892
stone dealer ,407
stone dealer ,1338
stove ,1337
stove ,2872
stove dealer ,747
stove dealer ,1904
stove dealer ,2245
stove dealer ,2927
stove dealer ,2935
stove store ,2942
stove store ,3370
stove store ,3695
sweep ,195
sweep ,618
sweep master ,1978
sweep master ,2002
sweep master ,2157
sweep master ,2565
sweep master ,3456
sweep master ,3629
tailoer ,156
tailor ,173
tailor ,176
tailor ,1574
tailor ,1681
tailor ,1779
tailor ,1962
tailor ,2015
tailor ,2499
tailor ,3145
tailor ,3289
tailor ,3443
tailor ,3448
tailor ,3760
tailor cant tell ,373
tailor cant tell ,746
tailor irregular ,412
tailor irregular ,414
tailor store ,2986
takes children to nurse ,2555
tanner ,381
tanner ,1568
tanner ,2504
tanner ,2507
tanner ,2546
tanner ,2669
tanner ,2686
tanner ,2688
tanner ,2713
tanner ,2723
tanner ,2745
tanner ,2754
tanner ,2762
tanner ,2775
tanner ,2810
tavern keeper ,855
teacher ,1041
teamster ,3380
teamster ,3654
temp sailor c h ,18
temp seaman ch ,536
tin worker,3688
traveler ,2120
traveling minister ,234
traveling preacher ,193
traveling preacher ,939
traveling preacher ,1026
traveling preacher ,1156
traveling preacher ,1304
traveling preacher ,1411
traveling preacher ,2295
turner ,1681
two days work ,3491
type caster ,793
umbrella maker ,1114
undertaker ,759
undertaker ,855
undertaker ,1636
undertaker ,2132
various ,25
various ,350
various ,402
various ,409
various ,481
various ,518
various ,547
various ,570
various ,576
various ,650
various ,669
various ,774
various ,795
various ,812
various ,835
various ,873
various ,878
various ,969
various ,1004
various ,1073
various ,1231
various ,1232
various ,1268
various ,1286
various ,1329
various ,1446
various ,1614
various ,1676
various ,1685
various ,1697
various ,1699
various ,1782
various ,1794
various ,1806
various ,1817
various ,1861
various ,1874
various ,2070
various ,2092
various ,2129
various ,2158
various ,2171
various ,2176
various ,2180
various ,2190
various ,2233
various ,2279
various ,2292
various ,2400
various ,2441
various ,2445
various ,2473
various & irregular,346
various irregular ,357
various irregular ,382
various irregular ,436
various kinds ,6
various kinds ,505
various kinds ,513
various sometimes ,583
various very little ,441
various very little ,512
varnisher when can get it ,1901
very little ,1596
waiter ,15
waiter ,22
waiter ,67
waiter ,71
waiter ,107
waiter ,142
waiter ,145
waiter ,151
waiter ,159
waiter ,165
waiter ,188
waiter ,194
waiter ,232
waiter ,233
waiter ,256
waiter ,259
waiter ,264
waiter ,283
waiter ,285
waiter ,301
waiter ,308
waiter ,313
waiter ,314
waiter ,351
waiter ,406
waiter ,446
waiter ,450
waiter ,451
waiter ,452
waiter ,457
waiter ,466
waiter ,508
waiter ,545
waiter ,546
waiter ,602
waiter ,605
waiter ,613
waiter ,614
waiter ,621
waiter ,675
waiter ,676
waiter ,679
waiter ,680
waiter ,693
waiter ,698
waiter ,712
waiter ,717
waiter ,721
waiter ,743
waiter ,748
waiter ,777
waiter ,780
waiter ,785
waiter ,787
waiter ,803
waiter ,804
waiter ,806
waiter ,810
waiter ,811
waiter ,821
waiter ,831
waiter ,841
waiter ,858
waiter ,860
waiter ,891
waiter ,928
waiter ,938
waiter ,942
waiter ,945
waiter ,946
waiter ,970
waiter ,974
waiter ,990
waiter ,995
waiter ,997
waiter ,1020
waiter ,1022
waiter ,1027
waiter ,1034
waiter ,1039
waiter ,1045
waiter ,1047
waiter ,1050
waiter ,1075
waiter ,1088
waiter ,1090
waiter ,1131
waiter ,1134
waiter ,1140
waiter ,1144
waiter ,1152
waiter ,1157
waiter ,1158
waiter ,1166
waiter ,1183
waiter ,1189
waiter ,1194
waiter ,1213
waiter ,1219
waiter ,1224
waiter ,1248
waiter ,1259
waiter ,1265
waiter ,1271
waiter ,1303
waiter ,1317
waiter ,1322
waiter ,1328
waiter ,1342
waiter ,1378
waiter ,1385
waiter ,1394
waiter ,1395
waiter ,1401
waiter ,1417
waiter ,1421
waiter ,1422
waiter ,1424
waiter ,1426
waiter ,1431
waiter ,1451
waiter ,1454
waiter ,1455
waiter ,1458
waiter ,1478
waiter ,1483
waiter ,1501
waiter ,1503
waiter ,1505
waiter ,1519
waiter ,1527
waiter ,1528
waiter ,1532
waiter ,1534
waiter ,1546
waiter ,1550
waiter ,1577
waiter ,1582
waiter ,1587
waiter ,1600
waiter ,1606
waiter ,1617
waiter ,1618
waiter ,1619
waiter ,1621
waiter ,1630
waiter ,1631
waiter ,1633
waiter ,1645
waiter ,1654
waiter ,1661
waiter ,1663
waiter ,1664
waiter ,1665
waiter ,1670
waiter ,1677
waiter ,1681
waiter ,1683
waiter ,1685
waiter ,1688
waiter ,1689
waiter ,1690
waiter ,1693
waiter ,1694
waiter ,1695
waiter ,1701
waiter ,1703
waiter ,1707
waiter ,1708
waiter ,1714
waiter ,1718
waiter ,1719
waiter ,1731
waiter ,1738
waiter ,1746
waiter ,1758
waiter ,1759
waiter ,1760
waiter ,1762
waiter ,1765
waiter ,1774
waiter ,1776
waiter ,1780
waiter ,1789
waiter ,1793
waiter ,1813
waiter ,1816
waiter ,1820
waiter ,1828
waiter ,1832
waiter ,1846
waiter ,1849
waiter ,1852
waiter ,1860
waiter ,1862
waiter ,1863
waiter ,1865
waiter ,1868
waiter ,1873
waiter ,1875
waiter ,1878
waiter ,1891
waiter ,1892
waiter ,1913
waiter ,1914
waiter ,1919
waiter ,1931
waiter ,1934
waiter ,1957
waiter ,1960
waiter ,1972
waiter ,1983
waiter ,1986
waiter ,1996
waiter ,2008
waiter ,2010
waiter ,2013
waiter ,2014
waiter ,2017
waiter ,2019
waiter ,2021
waiter ,2023
waiter ,2024
waiter ,2027
waiter ,2059
waiter ,2063
waiter ,2065
waiter ,2097
waiter ,2102
waiter ,2106
waiter ,2107
waiter ,2108
waiter ,2116
waiter ,2117
waiter ,2118
waiter ,2119
waiter ,2126
waiter ,2146
waiter ,2154
waiter ,2156
waiter ,2170
waiter ,2172
waiter ,2192
waiter ,2209
waiter ,2217
waiter ,2218
waiter ,2236
waiter ,2238
waiter ,2250
waiter ,2252
waiter ,2255
waiter ,2257
waiter ,2268
waiter ,2274
waiter ,2283
waiter ,2287
waiter ,2294
waiter ,2313
waiter ,2317
waiter ,2326
waiter ,2330
waiter ,2331
waiter ,2335
waiter ,2336
waiter ,2337
waiter ,2342
waiter ,2349
waiter ,2355
waiter ,2365
waiter ,2374
waiter ,2378
waiter ,2379
waiter ,2382
waiter ,2383
waiter ,2384
waiter ,2386
waiter ,2387
waiter ,2390
waiter ,2394
waiter ,2397
waiter ,2402
waiter ,2406
waiter ,2413
waiter ,2414
waiter ,2415
waiter ,2416
waiter ,2425
waiter ,2426
waiter ,2457
waiter ,2464
waiter ,2475
waiter ,2477
waiter ,2510
waiter ,2674
waiter ,2675
waiter ,2680
waiter ,2727
waiter ,2737
waiter ,2739
waiter ,2766
waiter ,2807
waiter ,2858
waiter ,2861
waiter ,2866
waiter ,2875
waiter ,2887
waiter ,2920
waiter ,2922
waiter ,2939
waiter ,2972
waiter ,2979
waiter ,2981
waiter ,2994
waiter ,2999
waiter ,3010
waiter ,3041
waiter ,3044
waiter ,3067
waiter ,3089
waiter ,3101
waiter ,3136
waiter ,3143
waiter ,3150
waiter ,3162
waiter ,3164
waiter ,3176
waiter ,3190
waiter ,3193
waiter ,3211
waiter ,3215
waiter ,3217
waiter ,3245
waiter ,3298
waiter ,3325
waiter ,3353
waiter ,3377
waiter ,3383
waiter ,3404
waiter ,3435
waiter ,3439
waiter ,3444
waiter ,3485
waiter ,3492
waiter ,3493
waiter ,3498
waiter ,3499
waiter ,3521
waiter ,3525
waiter ,3533
waiter ,3541
waiter ,3572
waiter ,3584
waiter ,3589
waiter ,3620
waiter ,3645
waiter ,3647
waiter ,3650
waiter ,3652
waiter ,3659
waiter ,3683
waiter ,3685
waiter ,3726
waiter ,3772
waiter ,3794
waiter ,3808
waiter ,3817
waiter ,3818
waiter ,3820
waiter ,3831
waiter ,3850
waiter ,3851
waiter ,3857
waiter ,3858
waiter ,3867
waiter ,3883
waiter ,3892
waiter ,3942
waiter ,3957
waiter ,3976
waiter ,4051
waiter ,4196
waiter ,4197
waiter ,4214
waiter in oyster cellar ,3094
waiter in oyster cellar ,3225
waiter in oyster saloon ,3040
waiter on s boat ,3959
waiter on steam boat ,3046
waiter on steam boat ,3563
waiter oyster cellar ,3038
waiter wages very low ,365
waiter when able ,1388
wants situation ,2586
wants situation ,4087
washer ,38
washer ,849
washer ,861
washer ,1893
washer ,2042
washer ,2220
washer ,2398
washer french cook and musician ,193
washing ,2534
washing ,2652
washing ,2654
washing ,3864
watchman ,0
watchman ,1078
waterman ,1
waterman ,203
waterman ,230
waterman ,362
waterman ,390
waterman ,571
waterman ,575
waterman ,695
waterman ,906
waterman ,1141
waterman ,1188
waterman ,1205
waterman ,1249
waterman ,1457
waterman ,1522
waterman ,1593
waterman ,2316
waterman ,2412
waterman ,2715
waterman ,2747
waterman ,2962
waterman ,3442
waterman ,3912
waterman ,4046
waterman ,4052
waterman ,4094
waterman ,4151
waterman ,4176
waterman ,4189
waterman ,4216
waterman ,4263
waterman part of his time ,665
well & cell digger,3333
well digger ,578
well digger ,2402
well digger ,3849
well digger or anything can get to do ,604
well digging ,3522
wheelwright ,2712
when canal is open ,307
when has work ,789
white washer irregular ,741
whitewasher ,32
whitewasher ,77
whitewasher ,86
whitewasher ,167
whitewasher ,328
whitewasher ,371
whitewasher ,857
whitewasher ,859
whitewasher ,1051
whitewasher ,1052
whitewasher ,1064
whitewasher ,1171
whitewasher ,1391
whitewasher ,1392
whitewasher ,1650
whitewasher ,1741
whitewasher ,1855
whitewasher ,1870
whitewasher ,1969
whitewasher ,1979
whitewasher ,1980
whitewasher ,1994
whitewasher ,2004
whitewasher ,2005
whitewasher ,2024
whitewasher ,2043
whitewasher ,2049
whitewasher ,2122
whitewasher ,2182
whitewasher ,2252
whitewasher ,2290
whitewasher ,2335
whitewasher ,2484
whitewasher ,2661
whitewasher ,2718
whitewasher ,2768
whitewasher ,2843
whitewasher ,2966
whitewasher ,3278
whitewasher ,3590
whitewasher ,3667
whitewasher ,4001
whitewasher ,4015
whitewasher etc ,3854
whitewashing ,2839
whitewashing ,3139
whitewashing waiting cc ,2788
wire worker,113
with hominy ,4031
wood piler ,956
wood piler carter his own ,2036
wood sawing when able ,470
wood sawyer ,353
wood sawyer ,398
wood sawyer ,479
wood sawyer ,502
wood sawyer ,552
wood sawyer ,562
wood sawyer ,606
wood sawyer ,632
wood sawyer ,648
wood sawyer ,684
wood sawyer ,827
wood sawyer ,833
wood sawyer ,1018
wood sawyer ,1075
wood sawyer ,1123
wood sawyer ,1197
wood sawyer ,1365
wood sawyer ,1440
wood sawyer ,1460
wood sawyer ,1485
wood sawyer ,1542
wood sawyer ,1550
wood sawyer ,1629
wood sawyer ,1726
wood sawyer ,1750
wood sawyer ,1795
wood sawyer ,1798
wood sawyer ,1877
wood sawyer ,1940
wood sawyer ,1953
wood sawyer ,1977
wood sawyer ,2001
wood sawyer ,2061
wood sawyer ,2083
wood sawyer ,2150
wood sawyer ,2196
wood sawyer ,2215
wood sawyer ,2303
wood sawyer ,2403
wood sawyer ,2485
wood sawyer ,2512
wood sawyer ,2529
wood sawyer ,2577
wood sawyer ,2589
wood sawyer ,2590
wood sawyer ,2668
wood sawyer ,2704
wood sawyer ,2799
wood sawyer ,2876
wood sawyer ,2990
wood sawyer ,3035
wood sawyer ,3042
wood sawyer ,3168
wood sawyer ,3181
wood sawyer ,3226
wood sawyer ,3343
wood sawyer ,3352
wood sawyer ,3359
wood sawyer ,3368
wood sawyer ,3398
wood sawyer ,3426
wood sawyer ,3519
wood sawyer ,3523
wood sawyer ,3558
wood sawyer ,3576
wood sawyer ,3671
wood sawyer ,3677
wood sawyer ,3724
wood sawyer ,3755
wood sawyer ,3767
wood sawyer ,3879
wood sawyer ,3920
wood sawyer ,3931
wood sawyer ,3962
wood sawyer ,3965
wood sawyer waiter ,2318
wood splitter ,3897
wool factory ,4163
work in the market ,3375
work stove store ,2554
work stove store ,4054
working on wharf ,3997
works at confectionary ,2742
works for a bottler ,278
works in lumber yard ,3923
works in mahogany mill ,2959
works in market ,2740
works in market ,2953
works in market ,3107
works in market ,3288
works in market ,3291
works in market ,3576
works in market ,3594
works in market ,3893
works in ten pin alley ,3271
works in ten pin alley ,3660
works in ten pin alley ,3998
works on wharf ,2900
works on wharf ,3096
works on wharf ,3105
works on wharf ,3119
works on wharf ,3132
works on wharf ,3158
works on wharf ,3238
works on wharf ,3242
works on wharf ,3255
works on wharf ,3324
works on wharf ,3365
works on wharf ,3366
works on wharf ,3373
works on wharf ,3421
works on wharf ,3433
works on wharf ,3473
works on wharf ,3746
works on wharf ,3828
works on wharf ,3833
works on wharf ,3846
works on wharf ,3903
works on wharf ,3961
works on wharf ,3999